,date,close,open,high,low,volume,ticker
0,2020.11.05,156000,156000,159000,156000,73174,011070
1,2020.11.04,155500,154000,157500,152000,170064,011070
2,2020.11.03,152000,152000,153000,150500,98272,011070
3,2020.11.02,151000,152000,152000,148500,97298,011070
4,2020.10.30,152000,157000,157000,152000,144349,011070
5,2020.10.29,158000,158000,159500,155000,120338,011070
6,2020.10.28,162000,155000,162500,154000,159522,011070
7,2020.10.27,155000,152500,157500,150000,113868,011070
8,2020.10.26,152500,157000,158500,152000,119920,011070
9,2020.10.23,157500,160000,161000,156000,88190,011070
10,2020.10.22,157500,163000,163000,157000,144489,011070
11,2020.10.21,164000,165000,167000,162500,127746,011070
12,2020.10.20,164500,162500,164500,160000,107310,011070
13,2020.10.19,164000,158000,165000,157000,195739,011070
14,2020.10.16,157000,158000,160000,155000,90591,011070
15,2020.10.15,159500,163000,163500,156000,127547,011070
16,2020.10.14,163000,166000,169000,162500,224184,011070
17,2020.10.13,163000,166500,168500,162000,195485,011070
18,2020.10.12,162000,167500,168000,161500,117661,011070
19,2020.10.08,166000,167500,169000,164000,230506,011070
20,2020.10.07,166000,157000,166500,155000,261275,011070
21,2020.10.06,157000,158000,158500,156500,107303,011070
22,2020.10.05,157000,155000,157000,153500,90040,011070
23,2020.09.29,155000,158000,158500,153500,118006,011070
24,2020.09.28,155500,154000,157500,153500,106135,011070
25,2020.09.25,151500,149000,152000,146000,121813,011070
26,2020.09.24,147500,152000,154000,146500,175012,011070
27,2020.09.23,154500,156500,157500,152000,155945,011070
28,2020.09.22,155000,159000,161000,154000,157282,011070
29,2020.09.21,157500,160000,163000,156000,166897,011070
30,2020.09.18,161500,161500,164500,160000,287773,011070
31,2020.09.17,162000,167500,168000,161500,210746,011070
32,2020.09.16,168500,171000,172000,167500,127730,011070
33,2020.09.15,169500,171000,171000,166000,174968,011070
34,2020.09.14,170000,171500,171500,168000,111647,011070
35,2020.09.11,169500,168500,170000,166000,173693,011070
36,2020.09.10,169500,169000,172500,165000,481188,011070
37,2020.09.09,166000,161000,167500,160000,333883,011070
38,2020.09.08,162000,160000,164500,160000,194051,011070
39,2020.09.07,158500,160000,161000,156500,116202,011070
40,2020.09.04,158000,155500,160500,155000,270454,011070
41,2020.09.03,163000,168500,169000,162000,269915,011070
42,2020.09.02,169000,158500,169000,158000,818324,011070
43,2020.09.01,153500,145500,154500,141500,322368,011070
44,2020.08.31,145000,147500,149000,144500,128873,011070
45,2020.08.28,147000,147000,149000,146000,101248,011070
46,2020.08.27,146500,149500,150000,146500,114677,011070
47,2020.08.26,149500,151000,151000,147500,177660,011070
48,2020.08.25,152000,156500,157000,149000,267834,011070
49,2020.08.24,155000,148000,156000,145500,228720,011070
50,2020.08.21,146500,148000,149000,143500,171356,011070
51,2020.08.20,145000,153000,153500,143500,325065,011070
52,2020.08.19,154500,154500,156000,152000,153435,011070
53,2020.08.18,154500,162500,165000,151000,418830,011070
54,2020.08.14,163500,166500,168000,161500,169898,011070
55,2020.08.13,166000,163000,167500,162000,438222,011070
56,2020.08.12,161500,159000,161500,158000,192240,011070
57,2020.08.11,160000,161000,162500,157000,195262,011070
58,2020.08.10,160500,165000,165000,158000,321918,011070
59,2020.08.07,165000,164500,166500,163000,264314,011070
60,2020.08.06,163000,163500,164500,161500,182359,011070
61,2020.08.05,163000,167500,167500,162000,253805,011070
62,2020.08.04,167000,167000,167000,163000,192571,011070
63,2020.08.03,165000,161000,165500,161000,210011,011070
64,2020.07.31,161000,165500,166500,161000,165939,011070
65,2020.07.30,162000,164000,165000,162000,114044,011070
66,2020.07.29,162000,162500,164500,160000,149108,011070
67,2020.07.28,163000,159500,165000,159500,292320,011070
68,2020.07.27,157000,156000,160000,156000,182513,011070
69,2020.07.24,156000,158500,160500,155000,287131,011070
70,2020.07.23,160500,167000,170000,159500,510467,011070
71,2020.07.22,164500,171500,171500,163000,326333,011070
72,2020.07.21,171000,162500,172000,161500,440261,011070
73,2020.07.20,161000,167000,167000,159500,234878,011070
74,2020.07.17,165000,164000,166000,163500,126754,011070
75,2020.07.16,163500,168500,171000,161500,246792,011070
76,2020.07.15,169000,174500,175000,168000,219888,011070
77,2020.07.14,174000,173000,175000,171500,131599,011070
78,2020.07.13,173500,179500,179500,172000,214564,011070
79,2020.07.10,177000,180500,181000,174500,126707,011070
80,2020.07.09,179500,174500,179500,173000,171069,011070
81,2020.07.08,173500,175500,179000,173500,185304,011070
82,2020.07.07,175500,180000,180000,175500,131564,011070
83,2020.07.06,178500,177000,178500,172500,137135,011070
84,2020.07.03,176000,172500,177500,172000,109482,011070
85,2020.07.02,173000,176500,177000,172000,100555,011070
86,2020.07.01,175000,176500,178500,173500,143766,011070
87,2020.06.30,174500,174500,179000,173500,333467,011070
88,2020.06.29,171500,168500,173000,166500,195007,011070
89,2020.06.26,171500,165500,171500,162500,296752,011070
90,2020.06.25,162500,165000,166500,162000,152419,011070
91,2020.06.24,168000,166000,169500,163000,214867,011070
92,2020.06.23,164000,164500,170000,162500,281113,011070
93,2020.06.22,161000,163500,165500,161000,192150,011070
94,2020.06.19,166500,169000,169000,162000,172178,011070
95,2020.06.18,167000,167500,169500,165500,102190,011070
96,2020.06.17,169500,172500,174500,164000,245439,011070
97,2020.06.16,169500,166000,169500,163000,217329,011070
98,2020.06.15,160000,171000,172500,159000,272176,011070
99,2020.06.12,173000,159500,173000,158500,335866,011070
100,2020.06.11,167000,165500,172000,164000,460347,011070
101,2020.06.10,164500,159500,166000,159000,339108,011070
102,2020.06.09,157500,160500,161500,155500,145510,011070
103,2020.06.08,159500,156000,160000,154000,233099,011070
104,2020.06.05,153500,153000,155500,151000,173240,011070
105,2020.06.04,153000,153500,156000,151000,186188,011070
106,2020.06.03,152000,157000,157000,152000,208400,011070
107,2020.06.02,154000,152000,158000,150500,279540,011070
108,2020.06.01,153000,147500,154000,146000,319112,011070
109,2020.05.29,147500,145000,148000,143000,342629,011070
110,2020.05.28,144000,141000,148500,140500,465668,011070
111,2020.05.27,140500,141500,143000,139500,199150,011070
112,2020.05.26,142000,138000,142000,138000,232040,011070
113,2020.05.25,137500,138500,139000,134500,122512,011070
114,2020.05.22,137500,141000,141000,136500,187242,011070
115,2020.05.21,141000,143500,143500,139000,191571,011070
116,2020.05.20,142000,139500,143500,139000,215537,011070
117,2020.05.19,139500,142000,142500,138000,227252,011070
118,2020.05.18,138500,145000,145000,136500,444203,011070
119,2020.05.15,146000,145500,147500,142000,175754,011070
120,2020.05.14,143000,145000,149000,143000,369874,011070
121,2020.05.13,146000,139500,146000,139000,246446,011070
122,2020.05.12,142000,136500,144000,136000,379410,011070
123,2020.05.11,136000,139000,139500,136000,201947,011070
124,2020.05.08,137500,134500,140500,133500,463718,011070
125,2020.05.07,132500,130500,133500,130000,174195,011070
126,2020.05.06,131500,133000,133000,129500,226286,011070
127,2020.05.04,131500,128000,133000,127000,211701,011070
128,2020.04.29,132000,136500,136500,131500,382840,011070
129,2020.04.28,136500,136500,138500,134500,309713,011070
130,2020.04.27,136000,127500,137500,127000,462280,011070
131,2020.04.24,126000,128500,130500,126000,151619,011070
132,2020.04.23,128500,130000,131500,128500,192230,011070
133,2020.04.22,129500,126500,129500,123500,252396,011070
134,2020.04.21,128000,130000,131000,125500,255235,011070
135,2020.04.20,130000,129500,132000,128500,275074,011070
136,2020.04.17,132500,129000,133500,128500,526932,011070
137,2020.04.16,126000,121000,126000,120500,248233,011070
138,2020.04.14,123000,120500,123500,120000,253263,011070
139,2020.04.13,117500,123000,123000,117500,276368,011070
140,2020.04.10,124000,124000,124000,119000,335378,011070
141,2020.04.09,125000,129000,130000,123000,343195,011070
142,2020.04.08,126500,129000,131500,126500,330346,011070
143,2020.04.07,128500,126000,130000,123000,573155,011070
144,2020.04.06,122000,112000,122500,111500,575285,011070
145,2020.04.03,110000,115000,115000,109500,270855,011070
146,2020.04.02,113000,111000,114500,107000,371857,011070
147,2020.04.01,108500,114000,117500,108500,421645,011070
148,2020.03.31,114000,117500,117500,111000,403951,011070
149,2020.03.30,114000,104500,116000,104000,433381,011070
150,2020.03.27,108500,114000,116000,103000,656381,011070
151,2020.03.26,107500,113500,115000,107500,614784,011070
152,2020.03.25,113500,115000,126000,111000,1082656,011070
153,2020.03.24,107500,95800,114500,94600,1404434,011070
154,2020.03.23,91300,92500,97000,86200,656846,011070
155,2020.03.20,99100,80600,99100,78600,847968,011070
156,2020.03.19,76300,86100,89400,75700,485245,011070
157,2020.03.18,83200,94700,95300,83200,579437,011070
158,2020.03.17,93700,92000,98500,90600,469854,011070
159,2020.03.16,96500,106500,107000,96500,546732,011070
160,2020.03.13,105500,105000,109500,100500,783139,011070
161,2020.03.12,113000,117000,120000,111500,468120,011070
162,2020.03.11,120500,127000,127000,120000,314863,011070
163,2020.03.10,127500,123500,128500,122500,489480,011070
164,2020.03.09,126000,132000,132500,124500,368951,011070
165,2020.03.06,136000,138000,139000,135000,154251,011070
166,2020.03.05,140000,140000,142500,138000,313252,011070
167,2020.03.04,136000,132500,138500,132500,204531,011070
168,2020.03.03,136000,143500,145000,136000,321236,011070
169,2020.03.02,137500,130500,140500,129000,358597,011070
170,2020.02.28,130000,139500,140500,128500,551339,011070
171,2020.02.27,143500,143500,147500,142000,157807,011070
172,2020.02.26,145000,142500,148500,140500,168676,011070
173,2020.02.25,146500,143000,148000,142000,220457,011070
174,2020.02.24,144000,145000,148000,143500,164505,011070
175,2020.02.21,149000,144000,149500,143500,143556,011070
176,2020.02.20,147000,151000,151500,146500,212373,011070
177,2020.02.19,149500,149000,150500,145500,220579,011070
178,2020.02.18,148500,154000,154000,148000,365652,011070
179,2020.02.17,155500,155000,159000,153000,151171,011070
180,2020.02.14,155000,156000,159000,153500,187280,011070
181,2020.02.13,154000,153500,158000,152500,331103,011070
182,2020.02.12,151000,151000,152000,149000,142227,011070
183,2020.02.11,151000,149500,152500,148500,216429,011070
184,2020.02.10,147000,148500,148500,144000,259021,011070
185,2020.02.07,150500,153500,154500,150000,218071,011070
186,2020.02.06,156000,154000,157500,151000,218885,011070
187,2020.02.05,152000,156000,161000,151000,311516,011070
188,2020.02.04,155000,148000,155000,147500,350711,011070
189,2020.02.03,150500,149000,151000,142500,353483,011070
190,2020.01.31,152000,156500,158500,151000,245518,011070
191,2020.01.30,155500,160000,163500,154000,360798,011070
192,2020.01.29,158000,154500,160000,154500,388880,011070
193,2020.01.28,151500,147000,153000,146000,234923,011070
194,2020.01.23,152500,147000,153500,146000,173243,011070
195,2020.01.22,148000,148000,148500,145500,110366,011070
196,2020.01.21,148000,148500,149500,147000,89682,011070
197,2020.01.20,147500,149500,151500,147500,124661,011070
198,2020.01.17,148500,149500,151000,147500,115438,011070
199,2020.01.16,147500,147000,149000,146000,123212,011070
200,2020.01.15,148000,150000,151500,146500,220402,011070
201,2020.01.14,151000,154500,155000,150000,171277,011070
202,2020.01.13,154000,148000,154000,147000,201631,011070
203,2020.01.10,148500,146000,151000,145000,195372,011070
204,2020.01.09,145500,139500,145500,139500,293629,011070
205,2020.01.08,137500,139000,139500,135500,239490,011070
206,2020.01.07,141000,142500,143000,139500,144046,011070
207,2020.01.06,142000,138500,142500,136000,110591,011070
208,2020.01.03,139500,141000,143000,138000,111592,011070
209,2020.01.02,139000,140000,141500,138500,102519,011070
210,2019.12.30,140000,140000,140000,138000,68021,011070
211,2019.12.27,140000,134000,140000,132500,164555,011070
212,2019.12.26,134500,135500,135500,132500,76395,011070
213,2019.12.24,135500,134500,136000,133500,69744,011070
214,2019.12.23,134500,137000,137000,133500,93938,011070
215,2019.12.20,136000,132500,136500,132000,172510,011070
216,2019.12.19,132000,131000,133500,130000,161665,011070
217,2019.12.18,129500,131000,133000,129500,131652,011070
218,2019.12.17,131500,132500,133500,129500,169704,011070
219,2019.12.16,133000,133500,134500,131500,116892,011070
220,2019.12.13,133000,135500,136500,132500,151144,011070
221,2019.12.12,134500,134500,135500,133000,240500,011070
222,2019.12.11,133500,130500,134000,130000,183420,011070
223,2019.12.10,131000,130500,131500,128500,117525,011070
224,2019.12.09,130500,130000,131000,129000,113685,011070
225,2019.12.06,129000,125500,129500,125000,182179,011070
226,2019.12.05,125000,126500,128000,123500,118194,011070
227,2019.12.04,125500,123500,125500,121000,153800,011070
228,2019.12.03,125000,121000,126500,120500,148288,011070
229,2019.12.02,123000,122500,124000,122000,74480,011070
230,2019.11.29,122000,125500,126500,121000,131813,011070
231,2019.11.28,125000,125500,127000,124000,82324,011070
232,2019.11.27,126000,128000,128500,125000,91086,011070
233,2019.11.26,128000,124500,129500,124000,331114,011070
234,2019.11.25,123500,120500,124500,120500,180163,011070
235,2019.11.22,120500,118000,121000,117500,121298,011070
236,2019.11.21,118000,117000,118500,115000,142995,011070
237,2019.11.20,116500,119000,119000,116000,123934,011070
238,2019.11.19,119500,120000,121500,118500,86701,011070
239,2019.11.18,121000,123000,123500,120500,78794,011070
240,2019.11.15,123500,119500,124000,119000,113365,011070
241,2019.11.14,120000,119000,120500,118500,98917,011070
242,2019.11.13,119000,120500,120500,118000,65733,011070
243,2019.11.12,120500,119500,121000,118000,60421,011070
244,2019.11.11,119000,122500,122500,118000,115577,011070
245,2019.11.08,122500,122500,123000,121000,75165,011070
246,2019.11.07,121000,120500,122500,120000,84673,011070
247,2019.11.06,121000,123000,123000,121000,96572,011070
248,2019.11.05,123000,122500,123500,121500,102442,011070
249,2019.11.04,122500,122500,123500,121500,69661,011070
250,2019.11.01,121500,121500,122000,120000,105969,011070
251,2019.10.31,121000,121500,123000,120000,143905,011070
252,2019.10.30,120000,127000,127500,119000,464529,011070
253,2019.10.29,126500,127000,127500,126000,84414,011070
254,2019.10.28,126000,127000,128000,126000,104115,011070
255,2019.10.25,126500,126500,127500,125000,86258,011070
256,2019.10.24,126000,125000,126000,123500,96918,011070
257,2019.10.23,125500,127500,127500,124500,167875,011070
258,2019.10.22,126000,124500,126500,122500,134214,011070
259,2019.10.21,124500,123500,124500,121500,96786,011070
260,2019.10.18,123000,122000,125000,122000,174178,011070
261,2019.10.17,121500,123000,123500,119000,140123,011070
262,2019.10.16,122000,118000,123000,117500,283425,011070
263,2019.10.15,116500,116000,117500,115500,78263,011070
264,2019.10.14,115500,118000,118500,115500,104774,011070
265,2019.10.11,116000,116000,118000,115000,151793,011070
266,2019.10.10,114000,114000,117500,113000,191713,011070
267,2019.10.08,114000,117500,117500,113500,205041,011070
268,2019.10.07,117000,118000,118500,113500,124193,011070
269,2019.10.04,116500,115500,120000,113500,213823,011070
270,2019.10.02,116000,118500,119000,116000,129338,011070
271,2019.10.01,119500,115000,120000,114500,284535,011070
272,2019.09.30,114000,114500,115000,111000,132093,011070
273,2019.09.27,114500,115500,117000,113000,158698,011070
274,2019.09.26,114000,112000,116000,111500,233427,011070
275,2019.09.25,110000,112000,115000,110000,247800,011070
276,2019.09.24,112000,106000,112500,105500,259721,011070
277,2019.09.23,106000,105000,106000,104000,97346,011070
278,2019.09.20,105500,105500,106500,104000,84306,011070
279,2019.09.19,105000,105000,107500,104500,169637,011070
280,2019.09.18,105000,106000,106000,102000,152427,011070
281,2019.09.17,105500,104000,106000,103000,158302,011070
282,2019.09.16,104000,101500,104000,101500,139573,011070
283,2019.09.11,101000,101000,102000,100000,220680,011070
284,2019.09.10,101000,99300,102500,99300,226748,011070
285,2019.09.09,99000,104000,105000,98900,329386,011070
286,2019.09.06,103000,107500,108000,102500,161255,011070
287,2019.09.05,105000,105000,107000,103500,196381,011070
288,2019.09.04,104500,99600,104500,99200,188344,011070
289,2019.09.03,99900,99000,101000,97800,131688,011070
290,2019.09.02,99100,98100,99900,97500,84581,011070
291,2019.08.30,98500,97400,101000,96900,294785,011070
292,2019.08.29,95300,97700,98400,94800,162454,011070
293,2019.08.28,97300,98000,98700,96700,109804,011070
294,2019.08.27,97800,96600,99400,96100,236695,011070
295,2019.08.26,94400,96300,96500,92600,418067,011070
296,2019.08.23,100500,99000,101500,98600,139118,011070
297,2019.08.22,100000,104000,104500,99800,158955,011070
298,2019.08.21,104000,103000,104500,102000,62727,011070
299,2019.08.20,103500,106500,108000,102500,159799,011070
300,2019.08.19,105500,106000,107000,104000,72073,011070
301,2019.08.16,105500,104500,106500,103000,140144,011070
302,2019.08.14,104500,108500,108500,104000,366381,011070
303,2019.08.13,98900,98200,100000,98200,71317,011070
304,2019.08.12,99300,98100,102500,97500,108169,011070
305,2019.08.09,98200,100000,101000,98200,118043,011070
306,2019.08.08,99700,98100,99700,95800,165411,011070
307,2019.08.07,96400,95600,98400,94300,124036,011070
308,2019.08.06,96500,91000,99800,90700,214043,011070
309,2019.08.05,96000,100000,100500,96000,201836,011070
310,2019.08.02,100000,106000,107000,100000,445021,011070
311,2019.08.01,110500,111500,112000,108000,113464,011070
312,2019.07.31,113000,109500,114000,109500,177787,011070
313,2019.07.30,109000,111500,113000,108000,140852,011070
314,2019.07.29,111500,116500,117000,111500,90797,011070
315,2019.07.26,116500,114000,117500,112500,124327,011070
316,2019.07.25,114000,116000,116500,112500,95044,011070
317,2019.07.24,116000,117000,120000,115000,296049,011070
318,2019.07.23,115000,116500,119000,114000,171376,011070
319,2019.07.22,114500,114000,116000,113000,82144,011070
320,2019.07.19,114500,110000,115000,110000,185406,011070
321,2019.07.18,108000,109000,111000,108000,59824,011070
322,2019.07.17,109000,111000,111000,107500,89985,011070
323,2019.07.16,112000,111500,113500,111000,124377,011070
324,2019.07.15,110000,109000,112000,109000,104290,011070
325,2019.07.12,108500,108500,110500,106500,67224,011070
326,2019.07.11,108000,107500,110000,107000,201711,011070
327,2019.07.10,106500,105500,109000,105000,132765,011070
328,2019.07.09,104500,107500,109500,104000,252965,011070
329,2019.07.08,109500,113500,113500,108000,189218,011070
330,2019.07.05,114000,115500,116000,111500,155056,011070
331,2019.07.04,115500,112000,116000,112000,164453,011070
332,2019.07.03,110000,113000,115000,110000,122943,011070
333,2019.07.02,112500,113000,114500,111000,89180,011070
334,2019.07.01,114000,113000,118500,112000,262224,011070
335,2019.06.28,109000,111000,112000,107500,136338,011070
336,2019.06.27,111000,106000,112500,106000,253028,011070
337,2019.06.26,106500,102500,108000,102500,148768,011070
338,2019.06.25,103500,105000,106500,103000,120595,011070
339,2019.06.24,104500,104500,106000,102000,98600,011070
340,2019.06.21,105000,108000,108500,103500,133044,011070
341,2019.06.20,107500,106500,109500,105000,200514,011070
342,2019.06.19,105500,104000,107000,103500,443225,011070
343,2019.06.18,100500,99600,101500,99100,213464,011070
344,2019.06.17,98100,98300,99400,97000,72377,011070
345,2019.06.14,98100,101000,101000,97400,162816,011070
346,2019.06.13,99700,98600,100500,96600,124625,011070
347,2019.06.12,98500,98900,99400,97600,108065,011070
348,2019.06.11,98500,95700,99100,95000,179414,011070
349,2019.06.10,95700,94800,95700,94300,89437,011070
350,2019.06.07,94200,95300,95400,93500,79270,011070
351,2019.06.05,94800,96200,98400,94400,200473,011070
352,2019.06.04,93800,95300,95300,92600,124345,011070
353,2019.06.03,94800,93900,95300,92700,117599,011070
354,2019.05.31,94700,92800,95500,92000,172591,011070
355,2019.05.30,92800,96000,96200,91800,353303,011070
356,2019.05.29,96800,98500,98500,96600,81755,011070
357,2019.05.28,98700,96900,99300,96900,168790,011070
358,2019.05.27,96900,95500,98000,95500,84100,011070
359,2019.05.24,96300,95900,98400,95200,131316,011070
360,2019.05.23,96600,104000,104500,96600,364924,011070
361,2019.05.22,103500,104000,105500,102500,84444,011070
362,2019.05.21,103000,101500,105000,101000,173397,011070
363,2019.05.20,103000,106000,108000,103000,162660,011070
364,2019.05.17,106000,108500,110500,106000,100616,011070
365,2019.05.16,108000,111500,112500,106500,139802,011070
366,2019.05.15,113000,109500,114000,109500,101063,011070
367,2019.05.14,109000,107000,109500,105500,214298,011070
368,2019.05.13,109500,111000,114500,109000,93761,011070
369,2019.05.10,112500,112000,115500,110000,119534,011070
370,2019.05.09,111500,115500,118000,111500,203346,011070
371,2019.05.08,116000,115500,118000,114500,125987,011070
372,2019.05.07,117500,118500,120000,117000,107943,011070
373,2019.05.03,121000,126000,126000,121000,185815,011070
374,2019.05.02,126000,126000,129000,125000,314785,011070
375,2019.04.30,122500,122500,123500,120500,103300,011070
376,2019.04.29,122000,120500,125000,119000,174867,011070
377,2019.04.26,120000,119500,120500,118000,147256,011070
378,2019.04.25,121000,120000,123000,119000,122030,011070
379,2019.04.24,120500,125000,128000,119500,365544,011070
380,2019.04.23,122000,121500,123500,117500,141557,011070
381,2019.04.22,121000,125500,126000,117500,252077,011070
382,2019.04.19,124500,126500,127000,124500,71262,011070
383,2019.04.18,126500,129000,129000,125000,129888,011070
384,2019.04.17,129500,121000,130500,120500,472931,011070
385,2019.04.16,121500,121500,123500,119500,70756,011070
386,2019.04.15,120500,122000,122000,119000,121268,011070
387,2019.04.12,122000,124500,124500,120000,193473,011070
388,2019.04.11,125000,125500,126500,124000,129038,011070
389,2019.04.10,125500,122500,125500,120500,197668,011070
390,2019.04.09,122500,116500,123000,116500,215647,011070
391,2019.04.08,117000,121500,122000,116500,147712,011070
392,2019.04.05,121500,120000,123000,120000,211918,011070
393,2019.04.04,119500,121500,122500,119000,155477,011070
394,2019.04.03,121500,115000,122000,115000,352158,011070
395,2019.04.02,115000,117500,118000,115000,129277,011070
396,2019.04.01,117500,117500,120500,117000,158104,011070
397,2019.03.29,117500,114500,118000,113000,367818,011070
398,2019.03.28,112500,111000,116500,109500,358975,011070
399,2019.03.27,111500,109000,112000,107000,171686,011070
400,2019.03.26,108000,108500,109500,107000,61798,011070
401,2019.03.25,107500,108000,109500,106500,77233,011070
402,2019.03.22,111000,110000,112500,107500,241307,011070
403,2019.03.21,109000,99900,109000,99600,485145,011070
404,2019.03.20,99500,100500,101000,97900,208482,011070
405,2019.03.19,101000,99700,102000,99700,139497,011070
406,2019.03.18,100000,105500,105500,99900,319351,011070
407,2019.03.15,106000,109500,110000,104000,216775,011070
408,2019.03.14,109000,107000,110000,106500,235053,011070
409,2019.03.13,106500,105500,107500,105500,69881,011070
410,2019.03.12,106000,110000,111500,105000,159766,011070
411,2019.03.11,109000,107500,110500,107500,95992,011070
412,2019.03.08,107000,107500,108500,107000,102082,011070
413,2019.03.07,107500,110000,110000,107000,104865,011070
414,2019.03.06,110000,110500,111000,107000,118386,011070
415,2019.03.05,110000,109500,110000,108000,126328,011070
416,2019.03.04,109000,108000,110000,106500,195745,011070
417,2019.02.28,108000,109000,109000,107000,207967,011070
418,2019.02.27,108500,106000,109500,105500,199972,011070
419,2019.02.26,105500,104500,106000,103500,63477,011070
420,2019.02.25,105500,104500,106500,103500,131452,011070
421,2019.02.22,103500,103500,104000,100000,228078,011070
422,2019.02.21,104000,106000,107000,101000,240822,011070
423,2019.02.20,107000,107500,107500,106000,88988,011070
424,2019.02.19,106500,106500,108500,106000,82481,011070
425,2019.02.18,106500,106500,107500,105000,155089,011070
426,2019.02.15,105000,106500,107000,103500,138477,011070
427,2019.02.14,107500,108500,109000,103500,233256,011070
428,2019.02.13,106500,109000,110500,106500,242182,011070
429,2019.02.12,107000,104500,109000,104500,373136,011070
430,2019.02.11,104500,102500,104500,101000,202690,011070
431,2019.02.08,102000,103000,103500,101500,159846,011070
432,2019.02.07,104500,100500,105000,100500,363088,011070
433,2019.02.01,99500,98700,100500,98700,238390,011070
434,2019.01.31,97500,101000,101000,96900,265734,011070
435,2019.01.30,98200,98300,101000,98000,582308,011070
436,2019.01.29,96000,92600,96000,92300,316531,011070
437,2019.01.28,92800,95800,95800,91800,398958,011070
438,2019.01.25,96100,95400,96900,95000,220356,011070
439,2019.01.24,95400,93000,95400,92400,161807,011070
440,2019.01.23,93000,91700,93300,91700,109071,011070
441,2019.01.22,92200,90900,94100,90900,160754,011070
442,2019.01.21,90900,92400,93000,90400,201322,011070
443,2019.01.18,92400,92400,92400,91500,123423,011070
444,2019.01.17,91700,92900,92900,91400,168659,011070
445,2019.01.16,92500,90900,92800,90600,249872,011070
446,2019.01.15,90100,87400,90900,86700,232747,011070
447,2019.01.14,86500,88900,88900,86100,196393,011070
448,2019.01.11,88800,86800,89800,86100,224683,011070
449,2019.01.10,85700,86500,86800,84700,165084,011070
450,2019.01.09,86600,84500,87000,84400,105099,011070
451,2019.01.08,84000,85400,86200,83900,74154,011070
452,2019.01.07,85600,82300,86200,82300,226083,011070
453,2019.01.04,81300,80700,82000,80400,133884,011070
454,2019.01.03,81700,82000,83800,80000,375530,011070
455,2019.01.02,83700,87200,87700,83700,155940,011070
456,2018.12.28,86400,87200,87900,86300,99793,011070
457,2018.12.27,87700,85800,88300,84900,291903,011070
458,2018.12.26,84000,85000,85400,83500,175614,011070
459,2018.12.24,86800,86200,86800,85600,121497,011070
460,2018.12.21,86700,86500,89000,86400,172428,011070
461,2018.12.20,87200,88600,88700,85800,228412,011070
462,2018.12.19,89500,89000,90300,89000,140397,011070
463,2018.12.18,89400,90600,91200,89100,176292,011070
464,2018.12.17,91600,90500,93000,90300,132135,011070
465,2018.12.14,91700,93200,94100,91000,133201,011070
466,2018.12.13,92200,93300,94200,92000,224291,011070
467,2018.12.12,93400,92600,93400,91600,124920,011070
468,2018.12.11,91600,91800,93200,90700,128014,011070
469,2018.12.10,91700,92600,92800,91300,187877,011070
470,2018.12.07,94300,94500,95800,94000,163769,011070
471,2018.12.06,93600,96200,96800,92900,425943,011070
472,2018.12.05,97200,97700,98200,96800,257687,011070
473,2018.12.04,100500,103000,103000,99800,268214,011070
474,2018.12.03,103000,102500,103500,101000,287610,011070
475,2018.11.30,99800,101000,101500,99500,167172,011070
476,2018.11.29,100500,104000,104000,100000,236408,011070
477,2018.11.28,101000,101000,101500,99800,142997,011070
478,2018.11.27,101000,99200,101000,96800,338938,011070
479,2018.11.26,98700,94200,98700,94200,327018,011070
480,2018.11.23,94000,95000,95600,93900,154850,011070
481,2018.11.22,94700,95500,97500,94500,198904,011070
482,2018.11.21,95300,93500,95800,92600,484091,011070
483,2018.11.20,96500,98500,98900,96300,545796,011070
484,2018.11.19,101000,101000,102000,100500,288838,011070
485,2018.11.16,100000,103000,103500,100000,390276,011070
486,2018.11.15,101000,99200,101500,99200,408159,011070
487,2018.11.14,100000,102500,104500,100000,440027,011070
488,2018.11.13,103500,100000,104000,99100,786528,011070
489,2018.11.12,109500,111000,111500,108500,174688,011070
490,2018.11.09,110500,112000,114500,110000,281275,011070
491,2018.11.08,111500,116000,116000,108500,512031,011070
492,2018.11.07,113000,118000,120000,111500,477103,011070
493,2018.11.06,118000,125000,125000,117000,552490,011070
494,2018.11.05,126000,125000,126000,123000,154791,011070
495,2018.11.02,127000,123500,127500,117500,718657,011070
496,2018.11.01,127000,125500,128500,125000,209123,011070
497,2018.10.31,124000,125000,125500,119500,129203,011070
498,2018.10.30,123500,122500,125000,119500,147116,011070
499,2018.10.29,123000,126000,129500,123000,133988,011070
500,2018.10.26,126000,130500,131000,123000,173824,011070
501,2018.10.25,130000,119000,130500,117500,449403,011070
502,2018.10.24,121500,127500,129000,120000,287480,011070
503,2018.10.23,124500,130000,130500,122500,175662,011070
504,2018.10.22,129000,125000,130000,125000,123127,011070
505,2018.10.19,126500,121500,126500,120500,150382,011070
506,2018.10.18,124000,128000,128500,122000,173680,011070
507,2018.10.17,128000,128000,129500,126500,135160,011070
508,2018.10.16,125000,125500,127500,123500,101541,011070
509,2018.10.15,125000,122000,128500,122000,238453,011070
510,2018.10.12,121500,116500,123500,116500,247837,011070
511,2018.10.11,118000,118500,122000,117000,342587,011070
512,2018.10.10,125000,131000,132000,123000,275063,011070
513,2018.10.08,131000,132500,135000,130500,122065,011070
514,2018.10.05,133000,130000,136500,126500,457109,011070
515,2018.10.04,130000,133000,134500,130000,140950,011070
516,2018.10.02,131500,131000,132500,130000,129586,011070
517,2018.10.01,130000,131500,132000,129000,95027,011070
518,2018.09.28,130500,132500,133000,130000,253231,011070
519,2018.09.27,131500,131500,133000,130500,227043,011070
520,2018.09.21,130500,133500,134000,128500,397313,011070
521,2018.09.20,133000,133000,135000,131500,273532,011070
522,2018.09.19,131500,131500,132500,130000,230649,011070
523,2018.09.18,130000,129500,130500,128000,352254,011070
524,2018.09.17,132000,134000,134000,130500,279620,011070
525,2018.09.14,134500,133000,135000,132500,317857,011070
526,2018.09.13,130500,137500,138000,130000,852161,011070
527,2018.09.12,137000,138500,140000,136000,333128,011070
528,2018.09.11,138000,141000,142500,136000,375210,011070
529,2018.09.10,141000,145500,148000,140000,370530,011070
530,2018.09.07,146500,148000,148500,145500,210813,011070
531,2018.09.06,148000,148500,150000,145000,219962,011070
532,2018.09.05,149000,155500,155500,149000,229748,011070
533,2018.09.04,155500,149500,157000,148000,377030,011070
534,2018.09.03,149000,144500,150000,144500,268919,011070
535,2018.08.31,143500,145500,145500,142000,123156,011070
536,2018.08.30,145000,146500,146500,143000,142491,011070
537,2018.08.29,145000,143000,146000,142500,145269,011070
538,2018.08.28,143000,145000,147000,142500,349098,011070
539,2018.08.27,142000,139000,142500,137500,262338,011070
540,2018.08.24,137000,143000,143000,133500,782121,011070
541,2018.08.23,142000,140500,142500,138000,150953,011070
542,2018.08.22,139500,144000,145500,139000,193703,011070
543,2018.08.21,143000,139000,143500,136500,241288,011070
544,2018.08.20,139000,142500,145500,138500,189745,011070
545,2018.08.17,142500,148000,148500,142000,149496,011070
546,2018.08.16,146500,145500,147000,141500,212797,011070
547,2018.08.14,146000,147000,149000,139500,238113,011070
548,2018.08.13,146500,146500,150000,143500,162132,011070
549,2018.08.10,149000,155000,155500,147000,205557,011070
550,2018.08.09,155500,153500,155500,151000,126875,011070
551,2018.08.08,153000,157000,159000,152000,156243,011070
552,2018.08.07,157000,157500,159500,154500,140574,011070
553,2018.08.06,157500,163500,165000,156000,201841,011070
554,2018.08.03,164000,165000,165500,160500,153863,011070
555,2018.08.02,162500,164000,166000,160000,198749,011070
556,2018.08.01,162500,166500,170000,159000,322881,011070
557,2018.07.31,163000,162500,164000,160000,136360,011070
558,2018.07.30,163000,161000,166500,161000,261045,011070
559,2018.07.27,160500,159500,161500,157500,115860,011070
560,2018.07.26,158500,163500,166500,157000,288066,011070
561,2018.07.25,162500,163000,163000,160000,170304,011070
562,2018.07.24,161000,155500,161500,155500,142988,011070
563,2018.07.23,155000,157000,158500,150500,234183,011070
564,2018.07.20,158500,159000,160500,156500,124904,011070
565,2018.07.19,158000,161000,161500,156500,94944,011070
566,2018.07.18,160000,160000,162500,159000,125858,011070
567,2018.07.17,158000,163000,163500,157000,121429,011070
568,2018.07.16,162000,160000,163500,160000,96050,011070
569,2018.07.13,160000,158000,163500,157000,168005,011070
570,2018.07.12,158500,158000,161000,156000,218557,011070
571,2018.07.11,156000,156500,159500,153500,132688,011070
572,2018.07.10,157500,159000,160500,155500,107907,011070
573,2018.07.09,160500,156500,161000,156000,325136,011070
574,2018.07.06,156000,147500,156000,147500,564528,011070
575,2018.07.05,145500,142000,150000,142000,363258,011070
576,2018.07.04,139500,138000,142000,137000,81232,011070
577,2018.07.03,140500,143500,143500,136000,109609,011070
578,2018.07.02,142000,145000,146500,141000,113375,011070
579,2018.06.29,144500,140500,145000,140000,160170,011070
580,2018.06.28,140500,140500,141000,138000,121640,011070
581,2018.06.27,140000,140500,144000,139500,112186,011070
582,2018.06.26,141000,141500,145000,139500,160745,011070
583,2018.06.25,145000,138500,145000,135500,220431,011070
584,2018.06.22,139000,144000,145500,137000,439214,011070
585,2018.06.21,146000,146000,149000,145000,157257,011070
586,2018.06.20,146500,142000,148000,141500,177191,011070
587,2018.06.19,141500,147500,149000,141500,273473,011070
588,2018.06.18,148500,154000,154500,145000,364123,011070
589,2018.06.15,153500,155500,156500,152000,189507,011070
590,2018.06.14,155500,155000,156000,152000,262131,011070
591,2018.06.12,153000,149500,155000,149500,328885,011070
592,2018.06.11,148000,145000,149000,144500,418215,011070
593,2018.06.08,150500,150500,152000,147500,188886,011070
594,2018.06.07,151000,152000,154500,149000,203521,011070
595,2018.06.05,152000,149000,152000,147500,218709,011070
596,2018.06.04,150500,150000,152500,148000,238300,011070
597,2018.06.01,148000,144500,149500,141000,333894,011070
598,2018.05.31,144000,147500,147500,142500,263360,011070
599,2018.05.30,144500,143000,147000,142000,304188,011070
600,2018.05.29,144000,145500,146000,142000,275321,011070
601,2018.05.28,144500,136500,146000,136500,736884,011070
602,2018.05.25,137000,130500,138500,130000,624640,011070
603,2018.05.24,131000,130000,134000,129500,204994,011070
604,2018.05.23,128000,126500,132000,126500,218418,011070
605,2018.05.21,127000,128500,129500,126500,164663,011070
606,2018.05.18,128500,127500,129500,126500,134745,011070
607,2018.05.17,127000,129500,130500,127000,106266,011070
608,2018.05.16,129000,129000,130500,127000,84407,011070
609,2018.05.15,129000,132000,132000,128500,104750,011070
610,2018.05.14,132500,129500,132500,129000,153846,011070
611,2018.05.11,129000,130500,132000,128000,145884,011070
612,2018.05.10,129500,129000,130000,127000,263322,011070
613,2018.05.09,129500,130000,131500,128000,148916,011070
614,2018.05.08,130500,131000,132500,129000,352466,011070
615,2018.05.04,125000,127000,128000,124500,202349,011070
616,2018.05.03,128500,123500,130500,122000,448995,011070
617,2018.05.02,123500,119500,125000,119000,498629,011070
618,2018.04.30,116500,116500,118500,116000,235878,011070
619,2018.04.27,116500,119500,120500,116000,273931,011070
620,2018.04.26,118000,118500,121000,116500,457952,011070
621,2018.04.25,117500,120500,121500,117000,626155,011070
622,2018.04.24,125000,131000,131000,124500,385075,011070
623,2018.04.23,130500,133500,134000,130000,191045,011070
624,2018.04.20,132500,134500,136000,130500,318726,011070
625,2018.04.19,136500,133500,137000,131500,234140,011070
626,2018.04.18,135000,137000,137000,133000,239930,011070
627,2018.04.17,136500,131000,137500,129000,702301,011070
628,2018.04.16,131000,122500,131000,122500,494828,011070
629,2018.04.13,123000,127000,128000,123000,252270,011070
630,2018.04.12,126500,120000,126500,119500,451634,011070
631,2018.04.11,120000,119500,120500,118500,98746,011070
632,2018.04.10,119000,120000,120500,117500,92509,011070
633,2018.04.09,121000,119500,122000,119500,69858,011070
634,2018.04.06,120000,118500,121000,118500,128044,011070
635,2018.04.05,119500,117500,119500,115500,200516,011070
636,2018.04.04,116500,122500,122500,116000,345967,011070
637,2018.04.03,122500,120500,123000,120500,169374,011070
638,2018.04.02,123500,126000,126500,122500,130816,011070
639,2018.03.30,126000,125000,127500,123500,166956,011070
640,2018.03.29,123500,124000,124000,122500,133019,011070
641,2018.03.28,124000,124000,125000,122000,221745,011070
642,2018.03.27,126000,122500,126500,121500,223476,011070
643,2018.03.26,120000,119000,120500,117000,260091,011070
644,2018.03.23,120000,122500,124000,119000,503041,011070
645,2018.03.22,126500,131000,132000,125500,352323,011070
646,2018.03.21,131000,128500,131000,128000,101337,011070
647,2018.03.20,128500,127000,129500,126000,158080,011070
648,2018.03.19,128000,129000,129500,127500,155870,011070
649,2018.03.16,129500,132000,132500,128500,347177,011070
650,2018.03.15,133500,137000,137500,133000,283847,011070
651,2018.03.14,137500,135500,138000,133500,198865,011070
652,2018.03.13,135500,136500,137000,133500,452802,011070
653,2018.03.12,137500,137000,138500,136000,386275,011070
654,2018.03.09,134000,130000,135000,129500,299772,011070
655,2018.03.08,128500,129000,130000,128000,158228,011070
656,2018.03.07,127000,132500,132500,127000,211607,011070
657,2018.03.06,132500,128500,133500,127500,205295,011070
658,2018.03.05,127000,132000,132000,127000,204500,011070
659,2018.03.02,132000,129500,133000,129000,159884,011070
660,2018.02.28,132000,135000,136500,130500,314948,011070
661,2018.02.27,135500,133000,136000,132000,455468,011070
662,2018.02.26,131000,131000,133000,130500,331341,011070
663,2018.02.23,129000,125500,129000,124500,288450,011070
664,2018.02.22,124500,125000,126500,123500,152406,011070
665,2018.02.21,124500,126000,127500,123000,196540,011070
666,2018.02.20,125500,125500,127000,124500,130856,011070
667,2018.02.19,125000,128000,128500,124500,223131,011070
668,2018.02.14,125500,123500,126000,122000,197942,011070
669,2018.02.13,122000,126000,128000,122000,260878,011070
670,2018.02.12,124500,125000,126000,122500,162742,011070
671,2018.02.09,123000,122500,124000,120500,184381,011070
672,2018.02.08,126500,121500,126500,121500,249516,011070
673,2018.02.07,121000,125500,126500,121000,302792,011070
674,2018.02.06,122500,118000,123000,117500,397169,011070
675,2018.02.05,123500,124000,126000,123000,247412,011070
676,2018.02.02,127500,131000,132500,126000,463775,011070
677,2018.02.01,128500,126000,131000,125000,487650,011070
678,2018.01.31,125500,128000,129500,125500,442839,011070
679,2018.01.30,129500,130500,133500,129500,469144,011070
680,2018.01.29,130500,128000,132000,127500,484915,011070
681,2018.01.26,127000,126500,129000,126000,412126,011070
682,2018.01.25,126500,125000,127000,123000,642862,011070
683,2018.01.24,127000,127000,129500,126500,699480,011070
684,2018.01.23,130500,129000,132500,126500,601325,011070
685,2018.01.22,129000,128500,130000,126000,600558,011070
686,2018.01.19,132500,140000,140500,131000,1096410,011070
687,2018.01.18,140000,144500,145000,139500,411860,011070
688,2018.01.17,143000,144500,147500,141500,367226,011070
689,2018.01.16,146000,143000,147500,141000,318389,011070
690,2018.01.15,144500,145000,146000,143000,140423,011070
691,2018.01.12,146000,149500,150000,142000,524718,011070
692,2018.01.11,150500,149500,150500,147000,349462,011070
693,2018.01.10,149000,157000,157500,147500,603263,011070
694,2018.01.09,156500,153500,160500,149000,1239506,011070
695,2018.01.08,142000,148000,148500,139500,471519,011070
696,2018.01.05,145500,146000,148000,143000,236799,011070
697,2018.01.04,145000,148000,148500,144500,186790,011070
698,2018.01.03,147000,146000,148000,143500,254861,011070
699,2018.01.02,145000,147000,147000,142000,270085,011070
700,2017.12.28,144000,140000,145000,138500,190019,011070
701,2017.12.27,140500,135500,141000,135500,239441,011070
702,2017.12.26,136500,142000,143500,136000,504695,011070
703,2017.12.22,144000,140000,144500,136000,286087,011070
704,2017.12.21,139000,147500,148000,139000,575472,011070
705,2017.12.20,148000,149500,150000,147000,201650,011070
706,2017.12.19,148500,150000,152000,147000,326946,011070
707,2017.12.18,147000,149000,150500,146500,282952,011070
708,2017.12.15,147000,149000,150000,147000,163901,011070
709,2017.12.14,147500,148500,153500,147500,420436,011070
710,2017.12.13,149500,147000,151000,147000,286929,011070
711,2017.12.12,148500,153000,156500,147500,360906,011070
712,2017.12.11,153000,154500,155500,148500,366377,011070
713,2017.12.08,154000,156000,157000,152000,175032,011070
714,2017.12.07,154500,151000,155000,148000,598789,011070
715,2017.12.06,147000,159000,160000,146000,772501,011070
716,2017.12.05,159000,153000,159500,152500,376564,011070
717,2017.12.04,153000,162000,163000,151000,855780,011070
718,2017.12.01,161500,162500,165500,161000,300299,011070
719,2017.11.30,161000,166500,167000,160000,499564,011070
720,2017.11.29,169500,168500,172000,165500,269194,011070
721,2017.11.28,169000,170000,170500,165500,168037,011070
722,2017.11.27,168000,173000,175500,167500,211363,011070
723,2017.11.24,173000,173000,174000,170000,128997,011070
724,2017.11.23,173000,176500,177000,171500,139126,011070
725,2017.11.22,177000,178000,178000,174500,207214,011070
726,2017.11.21,175500,170500,175500,168500,264168,011070
727,2017.11.20,170000,172500,172500,166500,196099,011070
728,2017.11.17,169500,167000,173000,166500,346935,011070
729,2017.11.16,164000,164000,166500,162000,216339,011070
730,2017.11.15,164500,166500,169000,163000,194507,011070
731,2017.11.14,166500,161500,167000,159000,275480,011070
732,2017.11.13,161000,170500,171000,160500,530564,011070
733,2017.11.10,171000,168500,172000,164000,265610,011070
734,2017.11.09,170000,176500,177000,169000,363032,011070
735,2017.11.08,175000,173000,178000,173000,137415,011070
736,2017.11.07,175000,170500,175500,170000,173198,011070
737,2017.11.06,171000,174500,175000,169500,178697,011070
738,2017.11.03,173000,180000,181000,170000,450579,011070
739,2017.11.02,174000,176500,177500,172000,173892,011070
740,2017.11.01,176500,174000,177500,170500,293406,011070
741,2017.10.31,172000,180000,183000,170500,405484,011070
742,2017.10.30,178000,184000,185000,175500,259767,011070
743,2017.10.27,178000,175000,180500,172000,295323,011070
744,2017.10.26,175000,174500,182000,173000,1069598,011070
745,2017.10.25,168500,169000,172000,167000,264325,011070
746,2017.10.24,167000,167500,169500,165000,141397,011070
747,2017.10.23,168000,158500,170000,156000,334260,011070
748,2017.10.20,157500,157000,161000,155500,198625,011070
749,2017.10.19,155500,162500,162500,154500,303579,011070
750,2017.10.18,162500,163500,163500,159000,167134,011070
751,2017.10.17,162000,160000,163500,160000,204213,011070
752,2017.10.16,157000,164500,165000,156000,260771,011070
753,2017.10.13,163500,165500,171500,161500,364068,011070
754,2017.10.12,164500,166000,168000,163000,290460,011070
755,2017.10.11,166000,157500,166500,157000,475518,011070
756,2017.10.10,155000,151000,157500,148000,440152,011070
757,2017.09.29,154000,149000,154500,147500,216046,011070
758,2017.09.28,148500,156500,157000,148000,439301,011070
759,2017.09.27,155500,154000,159500,153000,396540,011070
760,2017.09.26,152000,148500,154000,146500,263768,011070
761,2017.09.25,150500,148000,152500,145500,517988,011070
762,2017.09.22,149000,154000,155500,148000,546461,011070
763,2017.09.21,155500,162500,162500,154500,525518,011070
764,2017.09.20,163500,169500,171500,162000,415116,011070
765,2017.09.19,169500,172500,173000,168000,207770,011070
766,2017.09.18,172000,171000,173500,168500,306070,011070
767,2017.09.15,169000,172000,172000,167500,374587,011070
768,2017.09.14,173000,168500,176500,168500,410290,011070
769,2017.09.13,168500,170000,171000,165500,532881,011070
770,2017.09.12,171500,174500,176000,170000,271669,011070
771,2017.09.11,171500,170500,174500,168500,280892,011070
772,2017.09.08,169500,172500,176500,167500,353820,011070
773,2017.09.07,173500,177000,177500,172500,196709,011070
774,2017.09.06,174500,175500,178500,173000,141759,011070
775,2017.09.05,176500,178500,180000,174500,128390,011070
776,2017.09.04,178500,172000,180500,171500,228956,011070
777,2017.09.01,178000,185000,185000,175000,390118,011070
778,2017.08.31,184500,187000,188000,182000,179459,011070
779,2017.08.30,184000,180500,184000,179000,164708,011070
780,2017.08.29,179000,172000,179000,170000,191035,011070
781,2017.08.28,172000,176000,178500,172000,132620,011070
782,2017.08.25,177000,177500,179000,175500,69890,011070
783,2017.08.24,177500,178500,181000,176000,115229,011070
784,2017.08.23,177000,175500,180000,175000,240942,011070
785,2017.08.22,172500,169500,173000,167500,100307,011070
786,2017.08.21,167500,170000,174000,167000,109336,011070
787,2017.08.18,170000,163000,170000,163000,105161,011070
788,2017.08.17,167500,166500,169000,164500,81188,011070
789,2017.08.16,168000,167000,171000,166500,164781,011070
790,2017.08.14,165000,165500,166000,162000,121652,011070
791,2017.08.11,161500,158500,164000,157500,177345,011070
792,2017.08.10,164000,157000,164000,156500,225604,011070
793,2017.08.09,159000,160000,162500,157500,157114,011070
794,2017.08.08,162500,161500,164000,160500,173374,011070
795,2017.08.07,160500,161000,164500,160000,111340,011070
796,2017.08.04,162000,163000,165000,160000,139209,011070
797,2017.08.03,162500,163500,166500,161000,191514,011070
798,2017.08.02,165000,163000,165500,157000,520279,011070
799,2017.08.01,149500,150000,151500,145500,260794,011070
800,2017.07.31,150000,148000,152000,147000,148782,011070
801,2017.07.28,150500,157500,159000,149000,362399,011070
802,2017.07.27,161500,156500,166500,156000,269232,011070
803,2017.07.26,157500,164000,164000,153500,220657,011070
804,2017.07.25,162000,168000,169000,162000,142646,011070
805,2017.07.24,167000,161000,168500,160000,199829,011070
806,2017.07.21,161000,157000,162000,157000,85538,011070
807,2017.07.20,158000,159500,160500,155500,83950,011070
808,2017.07.19,159000,161000,164500,157000,165005,011070
809,2017.07.18,160500,159000,161500,156000,126490,011070
810,2017.07.17,158000,153500,159000,153500,137975,011070
811,2017.07.14,153000,157500,158500,152000,187435,011070
812,2017.07.13,157500,156000,163500,154000,249549,011070
813,2017.07.12,153000,160000,161000,152000,189951,011070
814,2017.07.11,159500,158500,160000,154000,112999,011070
815,2017.07.10,157000,158000,158500,151000,155554,011070
816,2017.07.07,156000,156500,160500,155500,126599,011070
817,2017.07.06,159500,163500,164500,158500,143851,011070
818,2017.07.05,161000,158500,163500,157500,161561,011070
819,2017.07.04,157500,158500,162500,157000,136616,011070
820,2017.07.03,159500,164000,164500,155500,226468,011070
821,2017.06.30,165000,157500,165500,154500,253514,011070
822,2017.06.29,161500,164500,165500,160000,183273,011070
823,2017.06.28,161500,170500,172000,160000,459122,011070
824,2017.06.27,172500,176500,177500,170500,240959,011070
825,2017.06.26,175000,163500,176500,163000,356493,011070
826,2017.06.23,162500,159000,162500,155500,142281,011070
827,2017.06.22,161500,164500,165000,160000,143603,011070
828,2017.06.21,164500,160500,164500,156500,134599,011070
829,2017.06.20,161500,165000,165500,160500,243381,011070
830,2017.06.19,163500,158000,163500,155000,208984,011070
831,2017.06.16,157000,157500,162500,156000,327854,011070
832,2017.06.15,157500,154000,161500,154000,356160,011070
833,2017.06.14,154000,155000,159000,152500,330246,011070
834,2017.06.13,150500,146000,154000,144500,288778,011070
835,2017.06.12,147000,151000,151000,145000,400911,011070
836,2017.06.09,155500,152500,159000,152000,295970,011070
837,2017.06.08,151500,140000,152000,140000,559166,011070
838,2017.06.07,141000,135500,141000,134000,224086,011070
839,2017.06.05,135000,135500,139000,134000,163086,011070
840,2017.06.02,135500,132000,135500,131500,127561,011070
841,2017.06.01,131500,134500,135000,130500,126848,011070
842,2017.05.31,134000,136500,137500,133000,259111,011070
843,2017.05.30,138000,139500,142000,137000,196513,011070
844,2017.05.29,138500,134000,139000,133000,215983,011070
845,2017.05.26,133000,130500,134500,130000,190223,011070
846,2017.05.25,130000,133500,134000,129000,196889,011070
847,2017.05.24,133500,131500,134500,131000,249702,011070
848,2017.05.23,130000,128000,132500,127500,145904,011070
849,2017.05.22,128000,130000,130500,127000,105476,011070
850,2017.05.19,129000,128500,130500,128000,103305,011070
851,2017.05.18,128500,128500,131000,128000,114967,011070
852,2017.05.17,130000,130500,131500,128000,199546,011070
853,2017.05.16,131000,133500,135500,131000,82055,011070
854,2017.05.15,133000,133000,133500,131000,114594,011070
855,2017.05.12,133000,135000,135500,132500,122519,011070
856,2017.05.11,135500,136000,137500,133500,326482,011070
857,2017.05.10,134500,133000,137000,132000,330724,011070
858,2017.05.08,130500,130500,131500,129000,186446,011070
859,2017.05.04,129500,126000,130500,126000,256099,011070
860,2017.05.02,128500,131000,132500,128000,206236,011070
861,2017.04.28,131500,129500,133000,128000,399190,011070
862,2017.04.27,130500,132000,133000,129000,358207,011070
863,2017.04.26,137500,140000,140000,136000,156897,011070
864,2017.04.25,140000,138500,141000,138000,155959,011070
865,2017.04.24,139000,143000,143000,138000,133923,011070
866,2017.04.21,143000,135500,143000,134500,344564,011070
867,2017.04.20,134000,135000,136000,133500,90079,011070
868,2017.04.19,135000,133000,135000,132500,90569,011070
869,2017.04.18,133500,132000,134000,130500,138796,011070
870,2017.04.17,131000,133000,134000,129000,140163,011070
871,2017.04.14,132500,136000,137000,131500,109959,011070
872,2017.04.13,136000,135500,139000,134000,217527,011070
873,2017.04.12,134500,132000,135500,130000,160573,011070
874,2017.04.11,130000,132000,134500,128500,177405,011070
875,2017.04.10,131000,135000,136500,131000,100811,011070
876,2017.04.07,136500,133500,138000,132500,175417,011070
877,2017.04.06,132500,135500,136500,132000,207423,011070
878,2017.04.05,136500,137000,137500,134000,96535,011070
879,2017.04.04,135500,135500,137000,134000,160545,011070
880,2017.04.03,135500,140000,140000,134500,191409,011070
881,2017.03.31,136500,139500,141500,136500,110435,011070
882,2017.03.30,139000,138000,140000,132500,301598,011070
883,2017.03.29,139000,139000,141000,136500,125389,011070
884,2017.03.28,138500,140000,141000,136500,108459,011070
885,2017.03.27,138000,139500,142000,136000,114698,011070
886,2017.03.24,139000,141000,145000,138500,178818,011070
887,2017.03.23,142000,139000,144500,138000,283864,011070
888,2017.03.22,137000,137000,141000,135000,250178,011070
889,2017.03.21,138500,132000,140000,130000,281795,011070
890,2017.03.20,130500,132500,133500,129000,157747,011070
891,2017.03.17,132000,130000,133000,129500,166557,011070
892,2017.03.16,130000,130000,130500,128000,177341,011070
893,2017.03.15,129500,125500,129500,125500,217822,011070
894,2017.03.14,127000,129000,130500,126500,129957,011070
895,2017.03.13,129500,127000,129500,123500,172956,011070
896,2017.03.10,126500,128500,129000,123000,216907,011070
897,2017.03.09,129000,126500,129000,125500,216067,011070
898,2017.03.08,126000,123500,126000,123000,137240,011070
899,2017.03.07,124000,125500,126000,123000,123768,011070
900,2017.03.06,125500,125000,127500,123500,146288,011070
901,2017.03.03,125000,121000,125000,119500,186984,011070
902,2017.03.02,122000,121500,124000,120500,191236,011070
903,2017.02.28,120000,122000,122500,118500,211656,011070
904,2017.02.27,122000,121000,123000,117000,310805,011070
905,2017.02.24,120500,124500,124500,118000,465200,011070
906,2017.02.23,125000,120500,125000,119500,437588,011070
907,2017.02.22,120000,119500,120500,116500,419467,011070
908,2017.02.21,117500,115000,118000,114000,256305,011070
909,2017.02.20,114500,111000,115500,108500,321280,011070
910,2017.02.17,110500,109000,110500,107000,182632,011070
911,2017.02.16,108000,108500,108500,106000,96329,011070
912,2017.02.15,108000,107000,108500,106500,145675,011070
913,2017.02.14,107000,106000,108500,105000,172043,011070
914,2017.02.13,105000,105500,107500,104000,179517,011070
915,2017.02.10,105500,109500,109500,105500,143035,011070
916,2017.02.09,108500,106500,110000,105500,246241,011070
917,2017.02.08,105500,105000,106500,103000,199144,011070
918,2017.02.07,106000,105000,106000,103500,124969,011070
919,2017.02.06,104000,104500,105000,103000,128140,011070
920,2017.02.03,104000,103000,104000,101000,207942,011070
921,2017.02.02,102500,101000,103500,99800,302935,011070
922,2017.02.01,100000,99800,102000,99200,226690,011070
923,2017.01.31,99100,98800,99800,98000,340659,011070
924,2017.01.26,99300,99500,101000,97200,385033,011070
925,2017.01.25,99100,92500,100000,92500,972100,011070
926,2017.01.24,91700,91300,92400,90600,156888,011070
927,2017.01.23,90000,90100,91500,89600,242353,011070
928,2017.01.20,89300,88000,89400,87100,66500,011070
929,2017.01.19,88000,89800,90300,87200,117857,011070
930,2017.01.18,89500,89700,90600,89100,124192,011070
931,2017.01.17,89000,88300,89700,88300,66666,011070
932,2017.01.16,88500,90100,90100,88200,86494,011070
933,2017.01.13,89800,88800,90600,88800,99864,011070
934,2017.01.12,89100,91200,91200,88800,158406,011070
935,2017.01.11,91200,88700,91300,88700,107932,011070
936,2017.01.10,89400,90100,90500,89100,65620,011070
937,2017.01.09,90700,90800,91300,88700,139019,011070
938,2017.01.06,90800,89200,91200,89200,178458,011070
939,2017.01.05,89500,87600,90500,87600,149276,011070
940,2017.01.04,87600,87500,88300,87200,74226,011070
941,2017.01.03,87500,85700,87700,85700,131408,011070
942,2017.01.02,85600,87400,87900,84700,171299,011070
943,2016.12.29,88400,88000,88600,87100,65485,011070
944,2016.12.28,88000,87400,88600,87100,74914,011070
945,2016.12.27,87600,86000,88300,86000,145578,011070
946,2016.12.26,86000,87000,87500,85400,73392,011070
947,2016.12.23,87000,87400,87600,86500,92536,011070
948,2016.12.22,87000,86300,87500,85000,275946,011070
949,2016.12.21,84400,82800,84800,82800,79643,011070
950,2016.12.20,83100,82600,83900,82600,72093,011070
951,2016.12.19,82500,85700,85700,82500,114767,011070
952,2016.12.16,84900,83700,85300,83300,129429,011070
953,2016.12.15,84000,82700,84500,82500,92274,011070
954,2016.12.14,83200,83200,84500,83200,85282,011070
955,2016.12.13,83200,84000,84300,82400,114124,011070
956,2016.12.12,83800,83600,84200,83400,51295,011070
957,2016.12.09,83700,82900,85400,82900,194870,011070
958,2016.12.08,82800,83500,84300,82200,119683,011070
959,2016.12.07,82900,82500,83300,82200,97668,011070
960,2016.12.06,82900,81300,83100,81000,156276,011070
961,2016.12.05,80900,79400,81200,78500,114347,011070
962,2016.12.02,79600,80800,80800,78600,140347,011070
963,2016.12.01,81100,81200,82100,80500,118570,011070
964,2016.11.30,81100,82500,82800,81100,160498,011070
965,2016.11.29,83000,80100,83500,79900,521605,011070
966,2016.11.28,80200,77200,80300,77100,335834,011070
967,2016.11.25,76400,75100,76600,74900,70011,011070
968,2016.11.24,74900,75200,76200,74700,82253,011070
969,2016.11.23,76000,76700,77200,75900,116320,011070
970,2016.11.22,77100,76700,77400,76600,57505,011070
971,2016.11.21,76800,78000,78000,76300,53500,011070
972,2016.11.18,77600,78600,79000,77300,69415,011070
973,2016.11.17,78600,78200,79000,78200,41221,011070
974,2016.11.16,78100,77200,79500,77200,153739,011070
975,2016.11.15,76800,77000,78700,76800,89089,011070
976,2016.11.14,77500,76300,77900,76300,96078,011070
977,2016.11.11,76800,78500,78900,76600,156513,011070
978,2016.11.10,79000,79700,80300,78800,156913,011070
979,2016.11.09,78600,79800,80700,75900,254941,011070
980,2016.11.08,79100,79700,79700,78700,74538,011070
981,2016.11.07,79600,78200,79600,78100,154529,011070
982,2016.11.04,77300,75300,78600,75300,112231,011070
983,2016.11.03,76100,74600,76700,74600,91485,011070
984,2016.11.02,75100,76600,77000,74800,145298,011070
985,2016.11.01,77200,77100,77700,76300,113932,011070
986,2016.10.31,78000,77200,78100,76700,150083,011070
987,2016.10.28,78000,77600,78100,76200,144073,011070
988,2016.10.27,77600,79100,80800,77300,179389,011070
989,2016.10.26,79000,77000,79200,76100,162309,011070
